team,date,time,home-away,type,event,site,subsite,result,score,canceled
coed-field-hockey-varsity,2023-08-24,9:00 AM,A,Scrimmage,North Andover High School,North Andover High School,Upper Turf,,,
coed-field-hockey-junior-varsity,2023-08-24,10:30 AM,A,Scrimmage,North Andover High School,North Andover High School,Upper Turf,,,
boys-soccer-varsity,2023-08-24,10:00 AM,H,Scrimmage,King Philip Regional High School,DeFazio Complex,Turf #2 Brock,,,
boys-soccer-junior-varsity,2023-08-24,10:00 AM,H,Scrimmage,King Philip Regional High School,DeFazio Complex,Conroy Grass,,,
boys-soccer-varsity,2023-08-26,4:00 PM,A,Scrimmage,Pembroke High School,Pembroke High School,,,,
boys-soccer-junior-varsity,2023-08-26,4:00 PM,A,Scrimmage,Pembroke High School,Pembroke High School,,,,
coed-football-varsity,2023-08-26,2:00 PM,H,Scrimmage,Newton South High School,Memorial Park,High School Turf,,,
girls-soccer-varsity,2023-08-28,11:00 AM,H,Scrimmage,Jamboree (Dedham / Wayland),DeFazio Complex,Turf #2 Brock,,,
girls-soccer-junior-varsity,2023-08-28,11:00 AM,H,Scrimmage,Jamboree (Dedham / Wayland),DeFazio Complex,Turf #2 Brock,,,
boys-golf-varsity,2023-08-28,3:30 PM,H,Match,Natick High School,Needham Golf Club,,W,109-97,
boys-soccer-junior-varsity,2023-08-28,3:30 PM,A,Scrimmage,Newton North High School,Warren Field,Grass,,,
boys-soccer-freshman,2023-08-28,3:30 PM,A,Scrimmage,Newton North High School,Warren Field,Grass,,,
boys-golf-varsity,2023-08-29,3:30 PM,H,Match,Weymouth High School,Needham Golf Club,,W,103-93,
girls-volleyball-varsity,2023-08-29,4:30 PM,A,Scrimmage,King Philip Regional High School,King Philip Regional High School,Gym,,,
girls-volleyball-junior-varsity,2023-08-29,4:30 PM,A,Scrimmage,King Philip Regional High School,King Philip Regional High School,Field House,,,
girls-volleyball-freshman,2023-08-29,4:30 PM,A,Scrimmage,King Philip Regional High School,King Philip Regional High School,Field House,,,
girls-volleyball-varsity,2023-08-30,4:00 PM,A,Scrimmage,Girls Volleyball Varsity Play Day,Oliver Ames High School,Nixon Gym,,,
boys-golf-varsity,2023-08-30,3:30 PM,H,Match,Framingham High School,Needham Golf Club,,W,98-75,
boys-soccer-varsity,2023-08-31,3:30 PM,A,Scrimmage,St. Sebastian's School,St. Sebastian's School,,,,
boys-soccer-freshman,2023-08-31,3:30 PM,H,Scrimmage,Brookline High School,High Rock Middle School,Grass,,,
girls-soccer-varsity,2023-08-31,4:00 PM,H,Scrimmage,Brookline High School,DeFazio Complex,Turf #1 Founders,,,
girls-soccer-junior-varsity,2023-08-31,4:00 PM,H,Scrimmage,Brookline High School,Cricket Field,Field #1,,,
coed-football-freshman,2023-09-01,3:00 PM,H,Scrimmage,Wayland High School,Memorial Park,High School Turf,,,
coed-football-varsity,2023-09-01,5:00 PM,H,Scrimmage,Wayland High School,Memorial Park,High School Turf,,,
boys-soccer-varsity,2023-09-02,9:00 AM,H,Scrimmage,Jamboree 9/10/11am Games,DeFazio Complex,All Turf & Conroy Grass,,,
boys-golf-varsity,2023-09-05,3:45 PM,A,League,Framingham High School,Framingham High School,Framingham Country Club,W,98-75,
boys-cross-country-varsity,2023-09-06,4:00 PM,A,League,Weymouth High School,Weymouth High School,Wompatuck State Park,W,24-32,
boys-cross-country-varsity,2023-09-06,4:00 PM,A,League,Braintree High School,Weymouth High School,Wompatuck State Park,L,24-31,
girls-cross-country-varsity,2023-09-06,4:00 PM,A,League,Weymouth High School,Weymouth High School,Wompatuck State Park,W,23-40,
girls-cross-country-varsity,2023-09-06,4:00 PM,A,League,Braintree High School,Weymouth High School,Wompatuck State Park,L,21-36,
coed-field-hockey-freshman,2023-09-06,4:00 PM,A,League,Jamboree (Weymouth / Braintree),Weymouth High School,Wompatuck State Park,,,
coed-field-hockey-varsity,2023-09-06,4:00 PM,A,League,Milton High School,Milton High School,Brooks Field Turf,W,5-3,
boys-soccer-freshman,2023-09-06,4:00 PM,H,League,Milton High School,High Rock Middle School,Field,,,
girls-soccer-freshman,2023-09-06,4:00 PM,A,League,Milton High School,Milton High School,Gile Grass,,,
coed-field-hockey-junior-varsity,2023-09-06,5:15 PM,A,League,Milton High School,Milton High School,Brooks Field Turf,,,
boys-soccer-junior-varsity,2023-09-07,4:00 PM,H,League,Milton High School,Cricket Field,Field #2,,,
boys-soccer-varsity,2023-09-07,4:00 PM,H,League,Milton High School,Cricket Field,Field #1,W,5-0,
girls-volleyball-varsity,2023-09-07,4:00 PM,A,League,Milton High School,Milton High School,Copeland Field House,,,
girls-soccer-junior-varsity,2023-09-07,5:00 PM,A,League,Milton High School,Milton High School,Gile Grass,,,
girls-volleyball-freshman,2023-09-07,5:30 PM,A,League,Milton High School,Milton High School,Copeland Field House,,,
girls-volleyball-junior-varsity,2023-09-07,5:30 PM,A,League,Milton High School,Milton High School,Copeland Field House,,,
girls-soccer-varsity,2023-09-07,7:00 PM,A,League,Milton High School,Milton High School,Brooks Field Turf,L,0-1,
coed-football-freshman,2023-09-08,4:00 PM,A,League,Natick High School,Natick High School,#1,,,TRUE
boys-soccer-freshman,2023-09-08,4:15 PM,A,Non-League,Concord-Carlisle High School,Concord-Carlisle High School,Emerson Field Track,,,
girls-soccer-freshman,2023-09-08,4:15 PM,A,Non-League,Concord-Carlisle High School,Concord-Carlisle High School,Emerson Park #2,,,
coed-football-varsity,2023-09-08,6:30 PM,H,League,Natick High School,Memorial Park,High School Turf,W,14-6,
girls-cross-country-varsity,2023-09-09,9:00 AM,A,Non-League,MSTCA XC Relays,Highland Park (Attleboro),,,,
boys-cross-country-varsity,2023-09-09,9:00 AM,A,Non-League,MSTCA XC Relays,Highland Park (Attleboro),,,,
coed-field-hockey-varsity,2023-09-09,4:00 PM,A,Non-League,Andover High School,Andover High School,Lovely Stadium Turf,,,TRUE
boys-soccer-junior-varsity,2023-09-09,4:00 PM,H,League,Oliver Ames High School,Memorial Park,High School Turf,,,TRUE
coed-field-hockey-junior-varsity,2023-09-09,5:30 PM,A,Non-League,Andover High School,Andover High School,Lovely Stadium Turf,,,TRUE
boys-soccer-varsity,2023-09-09,6:00 PM,H,League,Oliver Ames High School,Memorial Park,High School Turf,W,1-0,
boys-golf-varsity,2023-09-11,3:30 PM,H,League,Walpole High School,Needham Golf Club,Needham Golf Club,,,TRUE
boys-soccer-freshman,2023-09-11,3:45 PM,A,League,Weymouth High School,Weymouth Lovell Field,Field #2,,,TRUE
coed-field-hockey-varsity,2023-09-11,4:00 PM,A,League,Weymouth High School,Legion Field (Weymouth),Multipurpose Turf Field,W,6-0,
coed-football-junior-varsity,2023-09-11,4:00 PM,H,League,Natick High School,Memorial Park,High School Turf,,,
girls-soccer-freshman,2023-09-11,4:00 PM,A,League,Weymouth High School,Weymouth Lovell Field,Field #1,,,TRUE
coed-field-hockey-freshman,2023-09-11,4:30 PM,H,Non-League,Lincoln-Sudbury Regional High School,DeFazio Complex,Turf #1 Founders,,,
boys-soccer-freshman,2023-09-11,4:30 PM,A,League,Lincoln-Sudbury Regional High School,Lincoln-Sudbury Regional High School,Grass Field #3,,,
girls-volleyball-freshman,2023-09-11,4:30 PM,A,Non-League,Concord-Carlisle High School,Lincoln-Sudbury Regional High School,Hayes Gymnasium,,,
girls-volleyball-junior-varsity,2023-09-11,4:30 PM,A,Non-League,Concord-Carlisle High School,Lincoln-Sudbury Regional High School,Hayes Gymnasium,,,
girls-soccer-junior-varsity,2023-09-11,4:30 PM,H,Non-League,Concord-Carlisle High School,Cricket Field,Field #1,,,TRUE
coed-field-hockey-junior-varsity,2023-09-11,5:15 PM,A,League,Weymouth High School,Legion Field,Multipurpose Turf Field,,,TRUE
girls-volleyball-varsity,2023-09-11,6:00 PM,A,Non-League,Concord-Carlisle High School,Lincoln-Sudbury Regional High School,Hayes Gymnasium,W,3-2,
girls-soccer-varsity,2023-09-11,7:00 PM,H,Non-League,Concord-Carlisle High School,Memorial Park,High School Turf,,,TRUE
boys-golf-varsity,2023-09-12,3:30 PM,H,League,Newton North High School,Needham Golf Club,Needham Golf Club,W,107-81,
boys-soccer-junior-varsity,2023-09-12,5:15 PM,H,League,Lincoln-Sudbury Regional High School,DeFazio Complex,Turf #1 Brock,,,
boys-soccer-varsity,2023-09-12,6:45 PM,H,League,Lincoln-Sudbury Regional High School,DeFazio Complex,Turf #1 Brock,T,0-0,
girls-swim-and-dive-varsity,2023-09-12,7:00 PM,H,League,Walpole High School,Babson College,Morse Swimming Pool,W,87-48,
coed-field-hockey-freshman,2023-09-13,4:00 PM,A,League,Brookline High School,Harry Downes Field,Turf Field,,,
coed-field-hockey-varsity,2023-09-13,4:00 PM,H,League,Brookline High School,DeFazio Complex,Turf #1 Founders,,,TRUE
boys-soccer-freshman,2023-09-13,4:00 PM,A,League,Brookline High School,Brookline Avenue Playground,Field,,,TRUE
girls-soccer-freshman,2023-09-13,4:00 PM,H,League,Brookline High School,Cricket Field,Field #1,,,
girls-soccer-junior-varsity,2023-09-13,4:00 PM,A,League,Weymouth High School,Weymouth High School,#2,,,
girls-volleyball-varsity,2023-09-13,4:00 PM,A,League,Weymouth High School,Weymouth High School,Gym,W,3-1,
coed-field-hockey-junior-varsity,2023-09-13,5:15 PM,H,League,Brookline High School,DeFazio Complex,Turf #1 Founders,,,
girls-soccer-varsity,2023-09-13,5:15 PM,A,League,Weymouth High School,Weymouth High School,Stadium,,,
girls-volleyball-freshman,2023-09-13,5:30 PM,A,League,Weymouth High School,Weymouth High School,Gym,,,
girls-volleyball-junior-varsity,2023-09-13,5:30 PM,A,League,Weymouth High School,Weymouth High School,Gym,,,
boys-golf-varsity,2023-09-14,3:45 PM,A,League,Walpole High School,Walpole Country Club,Walpole Coutry Club,W,85-75,
boys-soccer-varsity,2023-09-14,4:00 PM,H,League,Weymouth High School,DeFazio Complex,Turf #2 Brock,W,3-0,
coed-football-freshman,2023-09-14,4:30 PM,A,League,Lincoln-Sudbury Regional High School,Lincoln-Sudbury Regional High School,Grass Field #4,,,
boys-soccer-junior-varsity,2023-09-14,5:45 PM,H,League,Weymouth High School,DeFazio Complex,Turf #2 Brock,,,
coed-football-varsity,2023-09-14,6:30 PM,H,League,Lincoln-Sudbury Regional High School,Memorial Park,High School Turf,W,14-13,
boys-golf-varsity,2023-09-18,3:30 PM,A,League,Braintree High School,Braintree Municipal Golf Course,,,,TRUE
coed-field-hockey-freshman,2023-09-18,4:00 PM,H,League,Braintree High School,DeFazio Complex,Turf #1 Founders,,,
coed-field-hockey-varsity,2023-09-18,4:00 PM,A,League,Braintree High School,Braintree High School,Back Turf Field,W,1-0,
boys-soccer-freshman,2023-09-18,4:00 PM,H,League,Braintree High School,High Rock Middle School,,,,TRUE
girls-soccer-freshman,2023-09-18,4:00 PM,A,League,Braintree High School,Braintree High School,Freshman Field,,,TRUE
boys-soccer-junior-varsity,2023-09-18,4:30 PM,H,Non-League,Lincoln-Sudbury Regional High School,Cricket Field,Field #1,,,TRUE
coed-football-junior-varsity,2023-09-18,5:00 PM,H,Non-League,Lincoln-Sudbury Regional High School,Memorial Park,High School Turf,,,
coed-field-hockey-junior-varsity,2023-09-18,5:15 PM,A,League,Braintree High School,Braintree High School,Back Turf Field,,,
boys-golf-varsity,2023-09-19,3:30 PM,H,League,Braintree High School,Needham Golf Club,,W,96-82,
coed-field-hockey-middle-school-1,2023-09-19,4:00 PM,H,Game,Wilson Middle School (Natick),Pollard Middle School,Field,,,
boys-soccer-junior-varsity,2023-09-19,4:00 PM,A,League,Brookline High School,Brookline Warren Field,Warren Field,,-,
boys-soccer-varsity,2023-09-19,4:00 PM,A,League,Brookline High School,Skyline Park,Turf,W,2-0,
girls-soccer-junior-varsity,2023-09-19,4:00 PM,H,League,Brookline High School,Cricket Field,Field #1,,,
girls-soccer-varsity,2023-09-19,4:00 PM,H,League,Brookline High School,DeFazio Complex,Turf #2 Brock,W,2-0,
girls-volleyball-varsity,2023-09-19,4:00 PM,H,League,Brookline High School,Needham High School,A Gym,L,1-3,
girls-swim-and-dive-varsity,2023-09-19,4:30 PM,A,League,Milton High School,Blue Hills Regional Technical School,Swimming Pool,L,91-95,
girls-volleyball-freshman,2023-09-19,5:30 PM,H,League,Brookline High School,Needham High School,B Gym,,,
girls-volleyball-junior-varsity,2023-09-19,5:30 PM,H,League,Brookline High School,Needham High School,A Gym,,,
boys-cross-country-varsity,2023-09-20,4:00 PM,H,League,Brookline High School,Cutler Park,,,,
girls-cross-country-varsity,2023-09-20,4:00 PM,H,League,Brookline High School,Cutler Park,,W,24-37,
coed-field-hockey-freshman,2023-09-20,4:00 PM,A,League,Walpole High School,Walpole High School,Grass Field Hockey Field,,,
coed-field-hockey-varsity,2023-09-20,4:00 PM,H,League,Walpole High School,DeFazio Complex,Turf #1 Founders,L,1-4,
coed-field-hockey-middle-school-1,2023-09-20,4:00 PM,H,Game,Needham 2,Pollard Middle School,Field,,,
coed-field-hockey-middle-school-2,2023-09-20,4:00 PM,H,Game,Needham 1,Pollard Middle School,Field,,,
boys-soccer-freshman,2023-09-20,4:00 PM,A,League,Walpole High School,Bird Middle School (Walpole),,,,
girls-soccer-freshman,2023-09-20,4:00 PM,H,League,Walpole High School,Cricket Field,Field #1,,,
girls-volleyball-middle-school-blue,2023-09-20,4:00 PM,H,Match,Weston Middle School,Weston Middle School,Gym,,,
girls-volleyball-middle-school-gold,2023-09-20,4:00 PM,A,Match,Wellesley Middle School,Wellesley Middle School,Gym,,,
coed-field-hockey-junior-varsity,2023-09-20,5:15 PM,H,League,Walpole High School,DeFazio Complex,Turf #1 Founders,,,
boys-golf-varsity,2023-09-21,3:30 PM,A,League,Newton North High School,Brae Burn Country Club,Golf Course,L,82-90,
boys-soccer-junior-varsity,2023-09-21,4:00 PM,H,League,Braintree High School,DeFazio Complex,Conroy Grass,,,
boys-soccer-varsity,2023-09-21,4:00 PM,H,League,Braintree High School,DeFazio Complex,Turf #2 Brock,W,6-0,
girls-soccer-junior-varsity,2023-09-21,4:00 PM,A,League,Braintree High School,Braintree High School,Junior Varsity Field,,-,
girls-soccer-varsity,2023-09-21,4:00 PM,A,League,Braintree High School,Braintree High School,Alumni Stadium,T,0-0,
girls-volleyball-varsity,2023-09-21,4:00 PM,H,League,Braintree High School,Needham High School,A Gym,W,3-0,
girls-volleyball-middle-school-blue,2023-09-21,4:00 PM,A,Match,Pierce Middle School (Milton),Pierce Middle School,Gym,,,
girls-volleyball-freshman,2023-09-21,5:30 PM,H,League,Braintree High School,Needham High School,B Gym,,,
girls-volleyball-junior-varsity,2023-09-21,5:30 PM,H,League,Braintree High School,Needham High School,A Gym,,,
coed-field-hockey-varisty,2023-09-22,4:00 PM,H,Non-League,Dover-Sherborn High School,DeFazio Complex,Turf #1 Founders,,,
boys-soccer-freshman,2023-09-22,4:00 PM,A,League,Brookline High School,Brookline Avenue Playground,,,,
coed-football-freshman,2023-09-22,4:00 PM,H,League,Newton North High School,Needham Memorial Park,High School Turf,,,
girls-volleyball-freshman,2023-09-22,4:00 PM,H,Non-League,Barnstable High School,Needham High School,B Gym,,,
girls-volleyball-junior-varsity,2023-09-22,4:00 PM,H,Non-League,Barnstable High School,Needham High School,A Gym,,,
girls-volleyball-middle-school-gold,2023-09-22,4:00 PM,H,Match,Wellesley Middle School,Wellesley Middle School,Gym,,,
coed-field-hockey-junior-varsity,2023-09-22,5:15 PM,H,Non-League,Dover-Sherborn High School,DeFazio Complex,Turf #1 Founders,,,
girls-volleyball-varsity,2023-09-22,5:30 PM,H,Non-League,Barnstable High School,Needham High School,A Gym,,,
coed-football-varsity,2023-09-22,6:00 PM,A,League,Newton North High School,Newton North High School,Dickinson Stadium,,,
coed-football-junior-varsity,2023-09-23,10:00 AM,A,League,Newton North High School,Newton North High School,Dickinson Stadium,,,
boys-soccer-varsity,2023-09-23,10:00 AM,A,Non-League,St.Johns Preparatory School,Concord Carlisle High School,Doug White Turf #1,,,
cross-country-girls,2023-09-23,9:00 AM,A,Non-League,Manchester Invite,Derryfield Park (Manchester, NH),,,,
boys-cross-country-varsity,2023-09-23,9:00 AM,A,Non-League,Manchester Invite,Derryfield Park (Manchester, NH),,,,
boys-golf-varsity,2023-09-26,3:30 PM,H,League,Milton High School,Needham Golf Club,,W,97-91,
coed-field-hockey-middle-school-2,2023-09-26,4:00 PM,H,Game,St. John's Middle School,Pollard Middle School,Field,,,
coed-field-hockey-freshman,2023-09-26,4:00 PM,A,League,Natick High School,Kennedy Middle School,Multipurpose Turf Field,,,
boys-soccer-freshman,2023-09-26,4:00 PM,A,League,Natick High School,Natick High School,#1,,,
girls-soccer-freshman,2023-09-26,4:00 PM,H,League,Natick High School,Cricket Field,Field #1,,,
coed-field-hockey-varsity,2023-09-26,4:00 PM,H,League,Natick High School,DeFazio Complex,Turf #1 Founders,W,5-1,
coed-field-hockey-junior-varsity,2023-09-26,5:15 PM,H,League,Natick High School,DeFazio Complex,Turf #1 Founders,,,
girls-swim-and-dive-varsity,2023-09-26,5:30 PM,A,League,Braintree High School,Blue Hills Regional Technical School,Swimming Pool,W,101-76,
coed-field-hockey-varsity,2023-09-27,3:45 PM,A,Non-League,Medfield High School,Medfield High School,Turf,W,4-0,
boys-soccer-junior-varsity,2023-09-27,4:00 PM,A,League,Walpole High School,Walpole SWCAF Complex,Field #2,,,
girls-volleyball-middle-school-gold,2023-09-27,4:00 PM,A,Match,Wilson Middle School (Natick),Wilson Middle School,Gym,,,
coed-field-hockey-middle-school-1,2023-09-27,4:00 PM,A,Game,Wilson Middle School (Natick),Wilson Middle School,,,,
coed-field-hockey-middle-school-2,2023-09-27,4:00 PM,A,Game,Kennedy Middle School (Natick),Kennedy Middle School,,,,
girls-soccer-junior-varsity,2023-09-27,4:00 PM,H,League,Walpole High School,Cricket Field,Field #1,,,
boys-soccer-varsity,2023-09-27,4:00 PM,A,League,Walpole High School,Walpole SWCAF Complex,Field #1,W,4-1,
girls-soccer-varsity,2023-09-27,4:00 PM,H,League,Walpole High School,DeFazio Complex,#1,W,4-0,
girls-volleyball-varsity,2023-09-27,4:00 PM,H,League,Walpole High School,Needham High School,A Gym,W,3-0,
boys-cross-country-varsity,2023-09-27,4:00 PM,A,League,Milton High School,Houghton's Pond,XC Course,,,
girls-cross-country-varsity,2023-09-27,4:00 PM,A,League,Milton High School,Houghton's Pond,XC Course,W,15-47,
boys-cross-country-varsity,2023-09-27,4:00 PM,A,League,Walpole High School,Houghton's Pond,XC Course,,,
girls-cross-country-varsity,2023-09-27,4:00 PM,A,League,Walpole High School,Houghton's Pond,XC Course,W,22-37,
coed-coed-unified-basketball,2023-09-27,4:30 PM,A,League,Newton North High School,Newton North High School,Reggie Gym,,,
coed-field-hockey-junior-varsity,2023-09-27,5:15 PM,A,Non-League,Medfield Senior High School,Medfield High School,Turf,,,
girls-volleyball-junior-varsity,2023-09-27,5:30 PM,H,League,Walpole High School,Needham High School,A Gym,,,
girls-volleyball-freshman,2023-09-27,5:30 PM,H,League,Walpole High School,Needham High School,B Gym,,,
boys-golf-varsity,2023-09-28,3:30 PM,A,League,Milton High School,Milton Hoosic Club,,W,103-93,
cross-country-middle-school,2023-09-28,4:00 PM,H,Meet,Kennedy Middle School (Natick),DeFazio Complex,XC Course,,,
girls-volleyball-middle-school-gold,2023-09-28,4:00 PM,H,Match,Needham 2,Pollard Middle School,Gym,,,
girls-volleyball-middle-school-blue,2023-09-28,4:00 PM,H,Match,Needham 1,Pollard Middle School,Gym,,,
coed-field-hockey-freshman,2023-09-28,4:30 PM,A,Non-League,Lincoln-Sudbury Regional High School,Lincoln-Sudbury Regional High School,Grass Field #3,,,
girls-soccer-junior-varsity,2023-09-29,4:00 PM,H,Non-League,Dover-Sherborn High School,DeFazio Complex,Turf #1 Founders,,,
boys-soccer-freshman,2023-09-29,4:00 PM,H,League,Concord-Carlisle High School,High Rock Middle School,Field,,,TRUE
girls-soccer-freshman,2023-09-29,4:00 PM,H,League,Concord-Carlisle High School,Cricket Field,Field #1,,,TRUE
girls-soccer-varsity,2023-09-29,4:00 PM,H,Non-League,Dover-Sherborn High School,DeFazio Complex,Turf #2 Brock,T,0-0,
coed-field-hockey-middle-school-1,2023-09-29,4:00 PM,H,Game,Wellesley Middle School,Pollard Middle School,Field,,,TRUE
boys-soccer-junior-varsity,2023-09-29,4:00 PM,H,Non-League,Brookline High School,DeFazio Complex,Conroy Grass,,,TRUE
girls-swim-and-dive-varsity,2023-09-29,4:30 PM,A,League,Acton-Boxborough Regional High School,Acton-Boxborough Regional High School,Swimming Pool,W,105.5-78.5,
boys-soccer-varsity,2023-09-29,6:00 PM,H,Non-League,Brookline High School,DeFazio Complex,Turf #2 Brock,W,2-1,
coed-field-hockey-varsity,2023-09-29,6:00 PM,A,Non-League,Endowment Game (Bishop Feehan High School),Bishop Feehan High School,McGrath Stadium,L,2-3,
coed-football-varsity,2023-09-29,6:30 PM,H,League,Walpole High School,Memorial Park,High School Turf,W,21-19,
coed-football-freshman,2023-09-30,9:00 AM,A,League,Walpole High School,Walpole High School,Turco Field,,,
coed-football-junior-varsity,2023-09-30,11:00 AM,A,League,Walpole High School,Walpole High School,Turco Field,,,
boys-soccer-freshman,2023-10-02,4:00 PM,H,League,Newton North High School,High Rock Middle School,Field,,,
coed-field-hockey,2023-10-02,4:30 PM,H,League,Newton North High School,DeFazio Complex,Turf #1 Founders,,,
coed-field-hockey-varsity,2023-10-02,4:30 PM,A,League,Newton North High School,Newton North High School,Dickinson Stadium,W,4-0,
girls-soccer-freshman,2023-10-02,4:30 PM,A,League,Newton North High School,Cold Spring Park (Newton),,,,
coed-field-hockey-junior-varsity,2023-10-02,5:45 PM,A,League,Newton North High School,Newton North High School,Dickinson Stadium,,,
girls-swim-and-dive-varsity,2023-10-02,7:00 PM,H,League,Newton North High School,Babson College,Morse Swimming Pool,W,99-85,
boys-golf-varsity,2023-10-03,3:30 PM,H,League,Wellesley High School,Needham Golf Club,,L,96-123,
girls-soccer-junior-varsity,2023-10-03,4:00 PM,H,League,Natick High School,Memorial Park,High School Turf,,,
girls-volleyball-varsity,2023-10-03,4:00 PM,H,League,Natick High School,Needham High School,A Gym,W,3-0,
coed-field-hockey-middle-school-1,2023-10-03,4:00 PM,H,Game,St. John's Middle School,Pollard Middle School,Field,,,
coed-field-hockey-middle-school-2,2023-10-03,4:00 PM,A,Game,Wellesley Middle School,Wellesley High School,Grass Field at Stadium Turf,,,
girls-volleyball-middle-school-gold,2023-10-03,4:30 PM,H,Match,Franklin,Pollard Middle School,Gym,,,
girls-volleyball-middle-school-blue,2023-10-03,4:30 PM,H,Match,Franklin,Pollard Middle School,Gym,,,
boys-soccer-junior-varsity,2023-10-03,4:30 PM,A,League,Natick High School,Natick High School,#1,,,
girls-volleyball-junior-varsity,2023-10-03,5:30 PM,H,League,Natick High School,Needham High School,A Gym,,,
girls-volleyball-freshman,2023-10-03,5:30 PM,H,League,Natick High School,Needham High School,B Gym,,,
girls-soccer-varsity,2023-10-03,6:00 PM,H,League,Natick High School,Memorial Park,High School Turf,L,0-4,
boys-soccer-varsity,2023-10-03,6:30 PM,A,League,Natick High School,Natick High School,#1,W,4-1,
coed-field-hockey-freshman,2023-10-04,4:00 PM,A,League,Wellesley High School,Sprague School,Turf Field #3,,,
coed-field-hockey-varsity,2023-10-04,4:00 PM,H,League,Wellesley High School,DeFazio Complex,Turf #1 Founders,W,2-1,
boys-soccer-freshman,2023-10-04,4:00 PM,A,League,Wellesley High School,Sprague School,Grass Field #4,,,
boys-cross-country-varsity,2023-10-04,4:00 PM,A,League,Natick High School,Natick High School,Elm Bank,L,24-34,
girls-cross-country-varsity,2023-10-04,4:00 PM,A,League,Natick High School,Natick High School,Elm Bank,W,16-47,
girls-soccer-freshman,2023-10-04,4:00 PM,H,League,Wellesley High School,DeFazio Complex,Conroy Grass,,,
coed-field-hockey-middle-school-1,2023-10-04,4:00 PM,A,Game,Wilson Middle School (Natick),Wilson Middle School,,,,
coed-field-hockey-middle-school-2,2023-10-04,4:00 PM,H,Game,Kennedy Middle School (Natick),Pollard Middle School,Field,,,
girls-volleyball-middle-school-gold,2023-10-04,4:00 PM,H,Match,Kennedy Middle School (Natick),Pollard Middle School,Gym,,,
girls-volleyball-middle-school-blue,2023-10-04,4:00 PM,A,Match,Wilson Middle School (Natick),Wilson Middle School,Gym,,,
coed-field-hockey-junior-varsity,2023-10-04,5:15 PM,H,League,Wellesley High School,DeFazio Complex,Turf #1 Founders,,,
boys-golf-varsity,2023-10-05,3:30 PM,A,League,Brookline High School,The Country Club,,W,90-82,
coed-field-hockey-freshman,2023-10-05,4:00 PM,A,League,Brookline High School,Harry Downes Field,Turf Field,,,
coed-field-hockey-varsity,2023-10-05,4:00 PM,H,League,Brookline High School,DeFazio Complex,Turf #1 Founders,W,2-0,
boys-soccer-junior-varsity,2023-10-05,4:00 PM,H,League,Newton North High School,DeFazio Complex,Conroy Grass,,,
girls-swim-and-dive-varsity,2023-10-05,4:00 PM,A,League,Brookline High School,Kirrane Aquatics Center ,Swimming Pool,W,101-80,
cross-country-middle-school,2023-10-05,4:00 PM,H,Meet,Pierce Middle School (Milton),DeFazio Complex,XC Course,,,
girls-volleyball-middle-school-gold,2023-10-05,4:00 PM,A,Match,Chapman Middle School (Weymouth) 1,Chapman Middle School (Weymouth),Gym,,,
girls-volleyball-middle-school-blue,2023-10-05,4:00 PM,A,Match,Chapman Middle School (Weymouth) 2,Chapman Middle School (Weymouth),Gym,,,
girls-soccer-varsity,2023-10-05,4:30 PM,A,League,Newton North High School,Newton North High School,Lowell Ave Field,W,1-0,
girls-soccer-junior-varsity,2023-10-05,4:30 PM,A,League,Newton North High School,Cold Spring Park,,,,
girls-volleyball-varsity,2023-10-05,4:30 PM,A,League,Newton North High School,Newton North High School,Reggie Gym,L,2-3,
boys-soccer-varsity,2023-10-05,4:30 PM,H,League,Newton North High School,DeFazio Complex,Turf #2 Brock,W,2-1,
coed-field-hockey-junior-varsity,2023-10-05,5:15 PM,H,League,Brookline High School,DeFazio Complex,Turf #1 Founders,,,
girls-volleyball-freshman,2023-10-05,6:00 PM,A,League,Newton North High School,Newton North High School,Reggie Gym,,,
girls-volleyball-junior-varsity,2023-10-05,6:00 PM,A,League,Newton North High School,Newton North High School,Gym #1,,,
coed-field-hockey-freshman,2023-10-06,4:00 PM,H,League,Brookline High School,DeFazio Complex,Turf #1 Founders,,,
coed-football-freshman,2023-10-06,4:00 PM,H,League,Milton High School,Memorial Park,High School Turf,,,
coed-football-varsity,2023-10-06,7:00 PM,A,League,Milton High School,Milton High School,Brooks Field Turf,L,9-10,
girls-soccer-junior-varsity,2023-10-07,4:00 PM,H,Non-League,Acton-Boxborough Regional High School,Memorial Park,High School Turf,,,
boys-cross-country-varsity,2023-10-07,2:00 PM,A,Meet,Battle of the Border Invite,Alvirne High School,,,,
girls-cross-country-varsity,2023-10-07,2:00 PM,A,Meet,Battle of the Border Invite,Alvirne High School,,,,
girls-soccer-varsity,2023-10-07,6:00 PM,H,Non-League,Acton-Boxborough Regional High School,Memorial Park,High School Turf,W,1-0,
coed-football-junior-varsity,2023-10-09,10:00 AM,H,League,Milton High School,Memorial Park,High School Turf,,,
girls-volleyball-varsity,2023-10-09,10:00 AM,A,Event,VolleyHall Tournament,American International College,Butova Gymnasium,,,
girls-swim-and-dive-varsity,2023-10-09,11:15 AM,A,League,Framingham High School,Wayland Community Pool,Wayland Community Pool,W,97-81,
boys-golf-varsity,2023-10-10,3:30 PM,A,League,Bay State Conference,The Country Club,The Country Club,3rd Place,,
coed-field-hockey-middle-school-1,2023-10-10,4:00 PM,H,Game,Needham 2,Pollard Middle School,Field,,,
coed-field-hockey-middle-school-2,2023-10-10,4:00 PM,H,Game,Needham 1,Pollard Middle School,Field,,,
boys-soccer-varsity,2023-10-10,4:00 PM,A,League,Wellesley High School,Wellesley High School,Stadium,W,1-0,
girls-soccer-varsity,2023-10-10,4:00 PM,H,League,Wellesley High School,DeFazio Complex,Turf #2 Brock,L,0-1,
boys-soccer-junior-varsity,2023-10-10,4:00 PM,A,League,Wellesley High School,Wellesley High School,Hunnewell Junior Varsity Field,,,
girls-soccer-junior-varsity,2023-10-10,4:00 PM,H,League,Wellesley High School,Cricket Field,Field #1,,,
girls-volleyball-varsity,2023-10-10,4:00 PM,H,League,Wellesley High School,Needham High School,A Gym,W,3-0,
girls-volleyball-junior-varsity,2023-10-10,5:30 PM,H,League,Wellesley High School,Needham High School,A Gym,,,
girls-volleyball-freshman,2023-10-10,5:30 PM,H,League,Wellesley High School,Needham High School,B Gym,,,
boys-golf-varsity,2023-10-11,3:00 PM,A,League,Braintree High School,Braintree Municipal Golf Course,,,,
boys-golf-varsity,2023-10-11,3:00 PM,A,League,Milton High School,Braintree Municipal Golf Course,,,,
coed-coed-unified-basketball,2023-10-11,3:30 PM,H,League,Framingham High School,Needham High School,A Gym,,,
coed-field-hockey-middle-school-1,2023-10-11,4:00 PM,A,Game,Kennedy Middle School (Natick),Kennedy Middle School,,,,
girls-volleyball-middle-school-blue,2023-10-11,4:00 PM,H,Match,Kennedy Middle School (Natick),Pollard Middle School,Gym,,,
coed-field-hockey-freshman,2023-10-11,4:00 PM,A,League,Milton High School,Milton High School,Brooks Field Turf,,,
girls-soccer-freshman,2023-10-11,4:00 PM,H,League,Milton High School,Cricket Field,Field #1,,,
boys-soccer-freshman,2023-10-11,4:00 PM,A,League,Milton High School,Kelly Field (Milton),Kelly Courts,,,
girls-cross-country-varsity,2023-10-11,4:30 PM,H,League,Newton North High School,Cutler Park,,W,23-32,
boys-cross-country-varsity,2023-10-11,4:30 PM,H,League,Newton North High School,Cutler Park,,L,19-44,
girls-cross-country-varsity,2023-10-11,4:30 PM,H,League,Framingham High School,Cutler Park,,W,,
boys-cross-country-varsity,2023-10-11,4:30 PM,H,League,Framingham High School,Cutler Park,,W,15-50,
coed-field-hockey-junior-varsity,2023-10-11,5:15 PM,H,League,Milton High School,DeFazio Complex,Turf #1 Founders,,,
coed-field-hockey-varsity,2023-10-11,7:00 PM,H,League,Milton High School,DeFazio Complex,Turf #1 Founders,W,1-0,
boys-golf-varsity,2023-10-12,3:15 PM,A,League,Weymouth High School,Weathervane Golf Club,,W,77-53,
coed-cross-country-middle-school,2023-10-12,4:00 PM,A,Meet,Brown Middle School (Newton),Newton South High School,,,,
boys-soccer-varsity,2023-10-12,4:00 PM,A,League,Milton High School,Milton High School,Brooks Field Turf,W,3-1,
girls-soccer-varsity,2023-10-12,4:00 PM,H,League,Milton High School,DeFazio Complex,#1,W,1-0,
boys-soccer-junior-varsity,2023-10-12,4:00 PM,A,League,Milton High School,Milton High School,Gile Grass,,,
girls-soccer-junior-varsity,2023-10-12,4:00 PM,H,League,Milton High School,Cricket Field,Field #1,,,
girls-volleyball-varsity,2023-10-12,4:00 PM,H,League,Milton High School,Needham High School,A Gym,W,3-0,
girls-volleyball-junior-varsity,2023-10-12,5:30 PM,H,League,Milton High School,Needham High School,A Gym,,,
girls-volleyball-freshman,2023-10-12,5:30 PM,H,League,Milton High School,Needham High School,B Gym,,,
girls-volleyball-middle-school-gold,2023-10-13,4:00 PM,H,Match,Weymouth 2,Pollard Middle School,Gym,,,
girls-volleyball-middle-school-blue,2023-10-13,4:00 PM,H,Match,Weymouth 1,Pollard Middle School,Gym,,,
boys-soccer-junior-varsity,2023-10-13,4:00 PM,H,Match,Brookline High School,DeFazio Complex,Conroy Grass,,,
girls-soccer-freshman,2023-10-13,4:00 PM,H,Match,Brookline High School,Cricket Field,Field #1,,,
girls-swim-and-dive-varsity,2023-10-13,4:30 PM,H,League,Natick High School,Babson College,Morse Swimming Pool,W,100-78,
girls-volleyball-junior-varsity,2023-10-13,5:30 PM,H,Non-League,Newton South High School,Needham High School,A Gym,,,
girls-volleyball-freshman,2023-10-13,5:30 PM,H,Non-League,Newton South High School,Needham High School,B Gym,,,
coed-football-varsity,2023-10-13,6:30 PM,H,League,Braintree High School,Memorial Park,High School Turf,W,42-21,
girls-volleyball-varsity,2023-10-13,7:00 PM,H,League,Newton South High School,Needham High School,A Gym,L,2-3,
coed-field-hockey-junior-varsity,2023-10-14,2:00 PM,A,Non-League,Andover High School,Andover High School,Plateau Field,,,
coed-football-freshman,2023-10-14,2:30 PM,A,League,Braintree High School ,Braintree High School,Alumni Stadium,,,TRUE
coed-field-hockey-varsity,2023-10-14,3:30 PM,A,Non-League,Andover High School,Andover High School,Lovely Stadium Turf,L,1-4,
boys-soccer-junior-varsity,2023-10-14,4:00 PM,A,Non-League,Newton South High School,Newton South High School,#1,,,
boys-soccer-varsity,2023-10-14,4:00 PM,A,Non-League,Newton South High School,Newton South High School,Turf,T,1-1,
girls-soccer-junior-varsity,2023-10-14,4:30 PM,A,Non-League,Newton High School,Newton South High School,Brandeis Turf Field,,,
girls-soccer-varsity,2023-10-14,6:15 PM,A,Non-League,Newton High School,Newton South High School,Football Stadium,W,2-0,
coed-field-hockey-middle-school-1,2023-10-16,4:00 PM,A,Game,Kennedy Middle School (Natick),Kennedy Middle School,,,,
coed-field-hockey-varsity,2023-10-16,4:00 PM,H,League,Weymouth High School,DeFazio Complex,Turf #1 Founders,W,9-0,
coed-football-junior-varsity,2023-10-16,4:00 PM,H,League,Braintree High School,Memorial Park,High School Turf,,,
boys-soccer-freshman,2023-10-16,4:00 PM,H,League,Weymouth High School,High Rock Middle School,Field,,,
girls-soccer-freshman,2023-10-16,4:00 PM,H,League,Weymouth High School,Cricket Field,Field #1,,,
girls-volleyball-varsity,2023-10-16,4:30 PM,A,League,Lincoln-Sudbury Regional High School,Lincoln-Sudbury Regional High School,Gym #1,W,3-1,
coed-field-hockey-junior-varsity,2023-10-16,5:15 PM,H,League,Weymouth High School,DeFazio Complex,Turf #1 Founders,,,
girls-volleyball-freshman,2023-10-16,6:00 PM,A,League,Lincoln-Sudbury Regional High School,Lincoln-Sudbury Regional High School,Gym #4,,,
girls-volleyball-junior-varsity,2023-10-16,6:00 PM,A,League,Lincoln-Sudbury Regional High School,Lincoln-Sudbury Regional High School,Gym #1,,,
coed-coed-unified-basketball,2023-10-17,3:30 PM,A,League,Natick High School,Natick High School,Gym,W,53-50,
cross-country-middle-school,2023-10-17,4:00 PM,H,Meet,Wilson Middle School (Natick),DeFazio Complex,XC Course,,,
coed-field-hockey-middle-school-2,2023-10-17,4:00 PM,H,Game,Wilson Middle School (Natick),Pollard Middle School,Field,,,
girls-volleyball-varsity,2023-10-17,4:00 PM,H,League,Weymouth High School,Needham High School,A Gym,W,3-0,
girls-soccer-junior-varsity,2023-10-17,4:00 PM,A,League,Weymouth High School,Lovell Field (Weymouth),Field #1,,,
boys-soccer-junior-varsity,2023-10-17,4:15 PM,A,League,Weymouth High School,Weymouth High School,Legion Field,,,
girls-soccer-varsity,2023-10-17,4:30 PM,A,League,Weymouth High School,Weymouth High School,Stadium,L,0-2,
girls-volleyball-junior-varsity,2023-10-17,5:30 PM,H,League,Weymouth High School,Needham High School,A Gym,,,
girls-volleyball-freshman,2023-10-17,5:30 PM,H,League,Weymouth High School,Needham High School,B Gym,,,
boys-soccer-varsity,2023-10-17,6:00 PM,A,League,Weymouth High School,Weymouth High School,Stadium,L,0-2,
girls-swim-and-dive-varsity,2023-10-17,7:00 PM,H,League,Weymouth High School,Babson College,Morse Swimming Pool,W,98-72,
coed-field-hockey-middle-school-1,2023-10-18,4:00 PM,A,Game,Wellesley Middle School,Wellesley Middle School,,,,
girls-volleyball-middle-school-gold,2023-10-18,4:00 PM,A,Match,Pierce Middle School (Milton),Pierce Middle School,Gym,,,
girls-volleyball-middle-school-blue,2023-10-18,4:00 PM,H,Match,Weston Middle School,Pollard Middle School,Gym,,,
girls-soccer-freshman,2023-10-18,4:00 PM,A,League,Braintree High School,Braintree High School,Freshman Field,,,
boys-soccer-freshman,2023-10-18,4:00 PM,H,League,Braintree High School,High Rock Middle School,Field,,,
coed-field-hockey-varsity,2023-10-18,4:00 PM,A,League,Framingham High School,Framingham High School,Multipurpose Turf Field,W,6-0,
boys-cross-country-varsity,2023-10-18,4:00 PM,A,League,Wellesley High School,Wellesley High School,Morse's Pond,L,22-33,
girls-cross-country-varsity,2023-10-18,4:00 PM,A,League,Wellesley High School,Wellesley High School,Morse's Pond,L,27-28,
coed-field-hockey-junior-varsity,2023-10-18,5:15 PM,A,League,Framingham High School,Framingham High School,Multipurpose Turf Field,,,
coed-field-hockey-middle-school-2,2023-10-19,4:00 PM,H,Game,Wellesley Middle School,Pollard Middle School,Field,,,
girls-volleyball-varsity,2023-10-19,4:00 PM,A,League,Framingham High School,Framingham High School,Gym,,,
girls-soccer-junior-varsity,2023-10-19,4:00 PM,A,League,Framingham High School,Framingham High School,Field #1,,,
boys-soccer-junior-varsity,2023-10-19,4:00 PM,H,League,Framingham High School,DeFazio Complex,Conroy Grass,,,
boys-soccer-varsity,2023-10-19,4:00 PM,H,League,Framingham High School,DeFazio Complex,Turf #2 Brock,W,4-1,
girls-soccer-varsity,2023-10-19,4:00 PM,A,League,Framingham High School,Fuller Middle School (Framingham),Field #2,T,0-0,
girls-volleyball-junior-varsity,2023-10-19,5:30 PM,A,League,Framingham High School,Framingham High School,Gym,,,
girls-volleyball-freshman,2023-10-19,5:30 PM,A,League,Framingham High School,Framingham High School,Gym,,,
coed-football-freshman,2023-10-20,4:00 PM,H,League,Weymouth High School,Memorial Park,High School Turf,,,
coed-field-hockey-junior-varsity,2023-10-20,5:15 PM,A,Non-League,Natick High School,Natick High School,Multipurpose Turf Field,,,
girls-swim-and-dive-varsity,2023-10-20,6:00 PM,A,League,Wellesley High School,Boston Sports Institute,Swimming Pool,W,98-86,
coed-field-hockey-varsity,2023-10-20,6:30 PM,A,Non-League,Natick High School,Natick High School,Multipurpose Turf Field,L,1-2,
coed-football-varsity,2023-10-20,7:00 PM,A,League,Weymouth High School,Weymouth High School,Turf Field,W,33-7,
coed-football-junior-varsity,2023-10-21,9:30 AM,A,League,Weymouth High School,Weymouth High School,,,,
coed-cheerleading-varsity,2023-10-21,10:00 AM,A,Event,Natick Invatational,Natick High School,Gym,,,
boys-golf,2023-10-23,3:00 PM,A,Event,MIAA Sectionals,Easton Country Club,,,,
boys-soccer-junior-varsity-2,2023-10-23,3:15 PM,A,Non-League,St. Sebastian's School,St. Sebastian's School,,,,
coed-field-hockey-freshman,2023-10-23,4:00 PM,A,League,Braintree High School,Braintree High School,Back Turf Field,,,
girls-soccer-freshman,2023-10-23,4:00 PM,A,League,Framingham High School,Framingham High School,Field #1,,,
boys-soccer-freshman,2023-10-23,4:00 PM,H,League,Framingham High School,High Rock Middle School,Field,,,
boys-soccer-junior-varsity-1,2023-10-23,4:15 PM,A,Non-League,St. Sebastian's School,St. Sebastian's School,,,,
coed-field-hockey-junior-varsity,2023-10-23,5:15 PM,H,League,Weymouth High School,DeFazio Complex,Turf #1 Founders,,,
coed-field-hockey-varsity,2023-10-23,6:45 PM,H,League,Braintree High School,DeFazio Complex,Turf #1 Founders,W,3-1,
coed-coed-unified-basketball,2023-10-24,3:45 PM,A,League,Brookline High School,Brookline High School,Schluntz Gym,W,,
girls-volleyball-middle-school-gold,2023-10-24,4:00 PM,H,Match,Ursuline Academy,Pollard Middle School,Gym,,,
boys-soccer-varsity,2023-10-24,4:00 PM,A,League,Braintree High School,Braintree High School,Alumni Stadium,W,3-0,
boys-soccer-junior-varsity-1,2023-10-24,4:00 PM,A,League,Braintree High School,Braintree High School,Junior Varsity Field,,,
boys-soccer-junior-varsity-2,2023-10-24,4:00 PM,A,League,Braintree High School,Braintree High School,Junior Varsity Field,,,
girls-volleyball-varsity,2023-10-24,4:00 PM,A,League,Braintree High School,Braintree High School,Herget Gymnasium,W,3-0,
girls-soccer-junior-varsity,2023-10-24,5:15 PM,H,League,Braintree High School,Cricket Field,Field #1,,,
girls-volleyball-freshman,2023-10-24,5:30 PM,A,League,Braintree High School,Braintree High School,Herget Gymnasium,,,
girls-volleyball-junior-varsity,2023-10-24,5:30 PM,A,League,Braintree High School,Braintree High School,Herget Gymnasium,,,
girls-soccer-varsity,2023-10-24,7:00 PM,H,League,Braintree High School,Memorial Park,High School Turf,T,1-1,
cross-country-middle-school,2023-10-25,4:00 PM,A,Meet,Wellesley Middle School,Wellesley Middle School,,,,
coed-field-hockey-freshman,2023-10-25,4:00 PM,H,League,Walpole High School,DeFazio Complex,Turf #1 Founders,,,
boys-soccer-freshman,2023-10-25,4:00 PM,A,League,Braintree High School,Braintree High School,Freshman Field,,,
girls-soccer-freshman,2023-10-25,4:00 PM,H,League,Braintree High School,Cricket Field,Field #1,,,
coed-field-hockey-junior-varsity,2023-10-25,4:15 PM,A,League,Walpole High School,Walpole High School,Multipurpose Turf Field,,,
coed-field-hockey-varsity,2023-10-25,6:15 PM,A,League,Walpole High School,Walpole High School,Multipurpose Turf Field,L,1-5,
girls-volleyball-middle-school-blue,2023-10-26,4:00 PM,A,Match,Ursuline Academy,Ursuline Academy,Gym,,,
girls-soccer-junior-varsity,2023-10-26,4:00 PM,A,League,Walpole High School,Walpole SWCAF Complex,Field #2,,,
girls-volleyball-varsity,2023-10-26,4:30 PM,A,League,Walpole High School,Elm Street Elementary School,,W,3-1,
boys-soccer-junior-varsity-1,2023-10-26,5:15 PM,H,League,Walpole High School,Memorial Park,High School Turf,,,
boys-soccer-junior-varsity-2,2023-10-26,5:15 PM,H,League,Walpole High School,Memorial Park,High School Turf,,,
girls-soccer-varsity,2023-10-26,5:45 PM,A,League,Walpole High School,Walpole High School,Multipurpose Turf Field,T,0-0,
girls-volleyball-freshman,2023-10-26,6:00 PM,A,League,Walpole High School,Elm Street Elementary School,,,,
girls-volleyball-junior-varsity,2023-10-26,6:00 PM,A,League,Walpole High School,Elm Street Elementary School,,,,
boys-soccer-varsity,2023-10-26,7:00 PM,H,League,Walpole High School,Memorial Park,High School Turf,W,3-0,
coed-field-hockey-varsity,2023-10-27,4:30 PM,H,Non-League,Concord-Carlisle High School,DeFazio Complex,Turf #1 Founders,L,0-1,
coed-field-hockey-junior-varsity,2023-10-27,5:45 PM,H,League,Concord-Carlisle High School,DeFazio Complex,Turf #1 Founders,,,
coed-football-varsity,2023-10-27,6:30 PM,H,League,Framingham High School,Memorial Park,High School Turf,W,24-7,
girls-swim-and-dive-varsity,2023-10-27,10:00 AM,A,Event,Bay State Conference Day 1,Newton North High School,Swimming Pool,,,
coed-football-freshman,2023-10-28,10:00 AM,A,League,Framingham High School,Framingham High School,Read Field,,,
coed-football-junior-varsity,2023-10-28,12:00 PM,A,League,Framingham High School,Framingham High School,Read Field,,,
boys-cross-country-varsity,2023-10-28,12:00 PM,A,Meet,Bay State Conference,Wrentham Developmental Center,XC Course,,,
girls-cross-country-varsity,2023-10-28,12:00 PM,A,Meet,Bay State Conference,Wrentham Developmental Center,XC Course,,,
coed-cheerleading-varsity,2023-10-28,4:00 PM,A,Event,Bellingham TVL Invitational,Bellingham High School,Gym,,,
girls-swim-and-dive-varsity,2023-10-29,10:00 AM,A,Event,Bay State Conference Day 2,Wheaton College,Chrouser Natatorium,1st place,516,
coed-field-hockey-varsity,2023-10-30,4:15 PM,H,Scrimmage,Westwood High School,DeFazio Complex,Turf #1 Founders,,,
girls-volleyball-varsity,2023-10-30,4:00 PM,H,Scrimmage,Westborough High School,Needham High School,A Gym,,,
girls-soccer-junior-varsity,2023-10-30,4:30 PM,H,Non-League,Concord-Carlisle High School,Cricket Field,Field #1,,,
girls-soccer-varsity,2023-10-30,4:30 PM,H,Non-League,Concord-Carlisle High School,DeFazio Complex,Turf #2 Brock,,,
boys-golf-varsity,2023-10-30,11:00 AM,A,MIAA States,MIAA D1 State Championships,Greathorse Country Club,,,,
boys-soccer-freshman,2023-11-01,4:00 PM,H,League,Walpole High School,High Rock Middle School,Field,,,
girls-soccer-freshman,2023-11-01,4:00 PM,A,League,Walpole High School,Walpole High School,Bird Middle School,,,
coed-cheerleading-varsity,2023-11-01,5:30 PM,A,Event,Bay State Conference,Newton North High School,Gym,,,
coed-coed-unified-basketball,2023-11-02,3:30 PM,H,Senior Game,Walpole High School,Needham High School,A Gym,W,,
coed-football-freshman,2023-11-02,4:30 PM,H,Non-League,Brockton High School,Memorial Park,High School Turf,,,
girls-volleyball-varsity,2023-11-02,5:30 PM,H,MIAA D1 1st Round,Central Catholic High School,Needham High School,A Gym,W,3-0,
coed-football-varsity,2023-11-03,7:00 PM,H,MIAA D1 Round of 16,Westford Academy,Memorial Park,High School Turf,W,35-17,
coed-field-hockey-varsity,2023-11-03,5:00 PM,H,MIAA D1 1st Round,Newton North High School,DeFazio Complex,Turf #1 Founders,W,3-2,
coed-dance-varsity,2023-11-05,12:00 PM,A,Event,Endicott Invitational,Endicott College,Post Center,,,
coed-dance-junior-varsity,2023-11-05,12:00 PM,A,Event,Endicott Invitational,Endicott College,Post Center,,,
girls-soccer-varsity,2023-11-05,5:00 PM,H,MIAA D1 1st Round,Woburn Memorial High School,Memorial Park,High School Turf,W,3-0,
boys-soccer-varsity,2023-11-05,3:00 PM,H,MIAA D1 1st Round,Lexington High School,Memorial Park,High School Turf,W,2-0,
girls-swim-and-dive-varsity,2023-11-05,6:30 PM,A,MIAA Sectionals,MIAA South Sectional Championship,Boston University,Fitness and Recreation Center,2nd Place,397,
girls-volleyball-varsity,2023-11-06,5:30 PM,H,MIAA D1 Round of 16,Brookline High School,Needham High School,A Gym,W,3-0,
coed-field-hockey-varsity,Tues, Nov 7,5:00 PM,A,MIAA D1 Round of 16,Acton-Boxborough Regional High School,Acton-Boxborough Regional High School,Leary Field,L,0-3,
girls-soccer-varsity,2023-11-08,4:00 PM,A,MIAA D1 Round of 16,Brookline High School,Northeastern University,Parson's Field,L,0-4,
boys-soccer-varsity,2023-11-08,6:00 PM,H,MIAA D1 Round of 16,Boston College High School,Memorial Park,High School Turf,W,3-0,
girls-volleyball-varsity,2023-11-09,5:00 PM,H,MIAA D1 Round of 8 ,Attleboro High School,Needham High School,A Gym,W,3-0,
coed-football-varsity,2023-11-09,7:00 PM,H,MIAA D1 Round of 16,Methuen High School,Memorial Park,High School Turf,W,42-24,
cross-country-boys/girls,2023-11-11,11:00 AM,A,Event,MIAA Divisionals,Gardner Golf Course,XC Course,,,
girls-swim-and-dive-varsity,2023-11-11,5:00 PM,A,MIAA States,MIAA D1 State Championship,Massachusetts Institute of Technology,Zesiger Sports and Fitness Center,1st Place,335,
boys-soccer-varsity,2023-11-11,5:00 PM,H,MIAA D1 Round of 8,Franklin High School,Memorial Park,High School Turf,W,3-0,
coed-cheerleading-varsity,2023-11-12,10:15 AM,A,MSAA Regionals,South Regionals Championship,Franklin High School,Gym,,,
boys-soccer-varsity,2023-11-14,6:30 PM,A,MIAA D1 Final Four,Winchester High School,Manning Bowl (Lynn),Turf Field,W,2-0,
girls-volleyball-varsity,2023-11-15,6:00 PM,A,MIAA D1 Final Four,Newton North High School,Newton South High School,Gym,L,0-3,
coed-unified-basketball,2023-11-16,4:30 PM,A,Jamboree,End of Season Jamboree,Cambridge Rindge & Latin School,Gym,,,
coed-football-varsity,2023-11-17,6:00 PM,A,MIAA D1 Final Four,Xaverian Brothers High School,Brockton High School,Marciano Stadium,L,17-20,
coed-dance-varsity,2023-11-18,9:30 AM,A,MSAA States,MSAA State Championship,Braintree High School,Gym,2nd Place,,
coed-football-freshman,2023-11-18,10:00 AM,H,League,Wellesley High School,Memorial Park,High School Turf,,,
boys-cross-country-varsity,2023-11-18,12:30 PM,A,MIAA All States,MIAA All States,Willard Park (Fort Devens),Willard Park,6th Place,,
girls-cross-country-varsity,2023-11-18,12:30 PM,A,MIAA All States,MIAA All States,Willard Park (Fort Devens),Willard Park,6th Place,,
boys-soccer-varsity,2023-11-18,5:00 PM,A,MIAA D1 State Final,Concord-Carlisle High School,Walpole High School,Turco Field,L,0-2,
coed-football-varsity,2023-11-23,10:00 AM,A,League,Wellesley High School,Wellesley High School,Stadium,,,
coed-cheerleading-varsity,2023-11-23,10:00 AM,A,League,Wellesley High School,Wellesley High School,Stadium,,,
girls-basketball-varsity,2023-12-06,4:00 PM,A,Scrimmage,Dover-Sherborn High School,Dover-Sherborn High School,Richard Wakely Gym,,,
girls-ice-hockey-varsity,2023-12-06,6:00 PM,A,Scrimmage,Hingham High School,Pilgrim Skating Arena,Pilgrim Arena Rink #1,,,
boys-ice-hockey-varsity,2023-12-06,6:45 PM,H,Scrimmage,Dover-Sherborn High School,Babson College,Hockey Rink,,,
boys-basketball-varsity,2023-12-08,4:00 PM,A,Scrimmage,Franklin High School,Franklin High School,Gym,,,
girls-ice-hockey-junior-varsity,2023-12-08,5:00 PM,H,League,Natick High School,Reily Rink,,,,
girls-basketball-varsity,2023-12-08,6:00 PM,H,Scrimmage,Concord-Carlisle High School,Needham High School,A Gym,,,
boys-swim-and-dive-varsity,2023-12-08,7:00 PM,H,Non-League,Xaverian Brothers High School,Babson College,Morse Swimming Pool,W,108-70,
boys-ice-hockey-varsity,2023-12-09,3:00 PM,H,Scrimmage,Andover High School,Babson College,Hockey Rink,,,
girls-ice-hockey-varsity,2023-12-09,4:00 PM,A,Non-League,King Phillip Regional High School,Foxborough Sports Center,Rink #2,W,3-2,
boys-basketball-freshman,2023-12-12,3:45 PM,H,League,Milton High School,Needham High School,A Gym,,,
girls-basketball-freshman,2023-12-12,3:45 PM,A,League,Milton High School,Milton High School,Copeland Field House,,,
girls-basketball-junior-varsity,2023-12-12,5:15 PM,A,League,Milton High School,Milton High School,Copeland Field House,,,
boys-basketball-junior-varsity,2023-12-12,5:30 PM,H,League,Milton High School,Needham High School,A Gym,,,
girls-basketball-varsity,2023-12-12,6:30 PM,A,League,Milton High School,Milton High School,Copeland Field House,,,
boys-basketball-varsity,2023-12-12,6:45 PM,H,League,Milton High School,Needham High School,A Gym,W,68-38,
boys-swim-and-dive-varsity,2023-12-12,7:00 PM,H,League,Natick High School,Babson College,Morse Swimming Pool,W,101-79,
girls-ice-hockey-junior-varsity,2023-12-13,4:00 PM,A,League,Ursuline Academy,Roche Arena West Roxbury,Roche Arena,,,
boys-ice-hockey-junior-varsity,2023-12-13,4:00 PM,A,League,Brookline High School,Cleveland Circle,Reilly Rink,,,
coed-wrestling-varsity,2023-12-13,6:30 PM,H,League,Newton North High School,Needham High School,A Gym,L,36-45,
boys-ice-hockey-varsity,2023-12-13,6:45 PM,H,League,Milton High School,Babson College,Hockey Rink,W,2-0,
girls-ice-hockey-varsity,2023-12-13,7:00 PM,A,League,Milton High School,Ulin Rink (Milton),Ulin Rink,L,0-2,
boys-indoor-track-and-field-varsity,2023-12-14,4:30 PM,A,League,Braintree High School,Reggie Lewis Center,Bob McIntyre Track,W,56-44,
girls-indoor-track-and-field-varsity,2023-12-14,4:30 PM,A,League,Braintree High School,Reggie Lewis Center,Bob McIntyre Track,W,68-32,
club-squash,2023-12-14,4:30 PM,A,League,Acton-Boxborough Regional High School,SquashWest (Acton),Squash Courts,L,0-12,
girls-basketball-freshman,2023-12-15,3:45 PM,H,League,Weymouth High School,Needham High School,A Gym,,,
boys-basketball-freshman,2023-12-15,4:00 PM,A,League,Weymouth High School,Weymouth High School,Gym,,,
boys-swim-and-dive-varsity,2023-12-15,4:30 PM,A,League,Newton North High School,Newton North High School,Swimming Pool,,,
girls-basketball-junior-varsity,2023-12-15,5:15 PM,H,League,Weymouth High School,Needham High School,A Gym,,,
boys-basketball-junior-varsity,2023-12-15,5:30 PM,A,League,Weymouth High School,Weymouth High School,Gym,,,
girls-basketball-varsity,2023-12-15,6:30 PM,H,League,Weymouth High School,Needham High School,A Gym,W,57-56,
boys-basketball-varsity,2023-12-15,7:00 PM,A,League,Weymouth High School,Weymouth High School,Gym,W,62-54,
coed-wrestling-varsity,2023-12-16,9:00 AM,A,Tournament,Sharon Lombardo Tournament,Mt. Hope High School (Bristol, RI),Gym,,,
girls-ice-hockey-varsity,2023-12-16,2:45 PM,H,League,Weymouth High School,Babson College,Hockey Rink,T,0-0,
boys-ice-hockey-varsity,2023-12-16,7:30 PM,A,League,Weymouth High School,Connell Rink and Pool (Weymouth),Rink,L,2-3,
boys-basketball-freshman,2023-12-19,3:45 PM,H,League,Brookline High School,Needham High School,A Gym,,,
girls-basketball-varsity,2023-12-19,4:30 PM,A,League,Brookline High School,Brookline High School,Schluntz Gym,W,36-31,
girls-basketball-freshman,2023-12-19,4:30 PM,A,League,Brookline High School,Brookline High School,Tappan Gym,,,
boys-basketball-junior-varsity,2023-12-19,5:30 PM,H,League,Brookline High School,Needham High School,A Gym,,,
girls-basketball-junior-varsity,2023-12-19,6:00 PM,A,League,Brookline High School,Brookline High School,Schluntz Gym,,,
boys-basketball-varsity,2023-12-19,6:45 PM,H,League,Brookline High School,Needham High School,A Gym,W,63-48,
coed-wrestling-middle-school,2023-12-20,4:00 PM,A,Match,Pierce Middle School (Milton),Milton High School,Gym,,,
girls-ice-hockey-varsity,2023-12-20,4:00 PM,A,League,Brookline High School,Walter Brown Arena,,W,3-1,
girls-ice-hockey-junior-varsity,2023-12-20,4:00 PM,A,League,Brookline High School,Cleveland Circle,Reilly Rink,,,
club-squash,2023-12-20,4:30 PM,A,League,Brookline High School,Winsor School,Squash Courts,L,1-13,
coed-wrestling-varsity,2023-12-20,5:00 PM,A,League,Milton High School,Milton High School,Copeland Field House,,,
boys-ice-hockey-varsity,2023-12-20,6:45 PM,H,League,Brookline High School,Babson College,Hockey Rink,L,3-4,
boys-indoor-track-and-field-varsity,2023-12-21,4:30 PM,A,League,Milton High School,Reggie Lewis Center,,L,37-63,
girls-indoor-track-and-field-varsity,2023-12-21,4:30 PM,A,League,Milton High School,Reggie Lewis Center,,W,61-39,
boys-basketball-freshman,2023-12-22,3:45 PM,A,League,Wellesley High School,Sprague School,,,,
boys-basketball-junior-varsity,2023-12-22,5:15 PM,A,League,Wellesley High School,Wellesley High School,Gym,,,
girls-basketball-varsity,2023-12-22,6:00 PM,A,Non-League,Notre Dame Academy - Hingham,Notre Dame Academy-Hingham,Gym,L,48-68,
boys-basketball-varsity,2023-12-22,6:30 PM,A,League,Wellesley High School,Wellesley High School,Gym,W,64-46,
boys-ice-hockey-junior-varsity,2023-12-22,8:00 PM,H,League,Milton High School,Daly Rink,,,,
boys-ice-hockey-sophomores,2023-12-22,9:00 PM,H,League,Milton High School,Daly Rink,,,,
boys-ice-hockey-varsity,2023-12-23,3:00 PM,H,League,Wellesley High School,Babson College,Hockey Rink,L,5-6,
boys-swim-and-dive-varsity,2023-12-27,2:00 PM,A,Tri Meet,Reading Memorial High School,Burbank YMCA,Swimming Pool,W,91-78,
boys-swim-and-dive-varsity,2023-12-27,2:00 PM,A,Tri Meet,Chelmsford High School,Burbank YMCA,Swimming Pool,L,65-105,
girls-basketball-varsity,2023-12-27,3:00 PM,A,Tournament,Lexington High School,Lincoln-Sudbury Regional High School,Gym #1,W,59-50,
boys-ice-hockey-varsity,2023-12-28,3:40 PM,H,Game,Westford Academy,Babson College,Hockey Rink,L,1-2,
boys-ice-hockey-sophomores,2023-12-28,4:00 PM,H,Game,Walpole High School,St. Sebastian's School,Henry T Lane Ice Rink,,,
boys-basketball-junior-varsity,2023-12-29,11:00 AM,H,Game,Xaverian Brothers High School,Needham High School,A Gym,,,
boys-basketball-varsity,2023-12-29,1:00 PM,H,Game,Xaverian Brothers High School,Needham High School,A Gym,L,58-70,
girls-basketball-varsity,2023-12-29,12:00 AM,A,Tournament,,Lincoln-Sudbury Regional High School,Gym #1,W,52-36,
boys-ice-hockey-junior-varsity,2023-12-29,8:00 PM,H,Game,Winchester High School,Daly Rink,Rink,,,
girls-ice-hockey-varsity,2023-12-31,1:00 PM,A,Game,Marthas Vineyard,Warrior Ice Arena,Warrior Ice Arena,,,
girls-ice-hockey-varsity,2024-01-03,6:00 PM,A,Game,Wayland-Weston High School Coop,Rivers School,MacDowell Ice Arena,W,5-0,
coed-alpine-ski-varsity,2024-01-03,6:30 PM,A,Race,Varsity Race,Blue Hill Ski Area,Ski Slope,,,
coed-wrestling-varsity,2024-01-03,6:30 PM,H,Game,Braintree High School,Needham High School,A Gym,W,50-49,
boys-ice-hockey-junior-varsity,2024-01-03,6:45 PM,H,Game,Milton High School,Babson College,Hockey Rink,,,
boys-indoor-track-and-field-junior-varsity,2024-01-03,7:00 PM,A,Race,Junior Varsity Meet,Milton High School,Copeland Fieldhouse,,,
girls-indoor-track-and-field-junior-varsity,2024-01-03,7:00 PM,A,Race,Junior Varsity Meet,Milton High School,Copeland Fieldhouse,,,
girls-basketball-middle-school,2024-01-04,3:00 PM,H,Scrimmage,Pollard Middle School,Pollard Middle School,Gym,,,
girls-basketball-middle-school,2024-01-04,3:00 PM,H,Scrimmage,Pollard Middle School,Pollard Middle School,Gym,,,
boys-basketball-middle-school,2024-01-04,4:00 PM,H,Scrimmage,Pollard Middle School,Pollard Middle School,Gym,,,
boys-basketball-middle-school,2024-01-04,4:00 PM,H,Scrimmage,Pollard Middle School,Pollard Middle School,Gym,,,
boys-indoor-track-and-field-varsity,2024-01-04,4:30 PM,A,League,Walpole High School,Reggie Lewis Center,Track,,,
girls-indoor-track-and-field-varsity,2024-01-04,4:30 PM,A,League,Walpole High School,Reggie Lewis Center,Track,,,
boys-basketball-freshman,2024-01-05,3:45 PM,H,League,Braintree High School ,Needham High School,A Gym,,,
girls-basketball-freshman,2024-01-05,3:45 PM,A,League,Braintree High School,Braintree High School,Herget Gymnasium,,,
boys-basketball-junior-varsity,2024-01-05,5:15 PM,H,League,Braintree High School,Needham High School,A Gym,,,
girls-basketball-junior-varsity,2024-01-05,5:15 PM,A,League,Braintree High School,Braintree High School,Herget Gymnasium,,,
girls-basketball-varsity,2024-01-05,6:30 PM,A,League,Braintree High School,Braintree High School,Herget Gymnasium,L,33-24,
boys-basketball-varsity,2024-01-05,6:45 PM,H,League,Braintree High School,Needham High School,A Gym,W,59-38,
girls-ice-hockey-junior-varsity,2024-01-05,7:30 PM,H,League,Milton High School,St. Sebastian's School,Henry T. Lane Rink,,,
boys-ice-hockey-junior-varsity,2024-01-05,8:00 PM,H,League,Framingham High School,Daly Rink,,,,
coed-wrestling-varsity,2024-01-06,8:00 AM,A,Tournament,Brendan Grant Tournament,Belmont High School,Werner Field House,,,
girls-ice-hockey-varsity,2024-01-06,2:30 PM,A,League,Braintree High School,Zapustas Ice Arena,,W,2-1,
boys-ice-hockey-varsity,2024-01-06,3:00 PM,H,League,Braintree High School,Babson College,Hockey Rink,W,6-3,
girls-indoor-track-and-field,2024-01-07,10:00 AM,A,League,MSTCA Frosh/Soph Large,Reggie Lewis Center,,,,
boys-indoor-track-and-field,2024-01-07,10:00 AM,A,League,MSTCA Frosh/Soph Large,Reggie Lewis Center,,,,
coed-alpine-ski-varsity,2024-01-07,12:00 AM,A,Race,Ski East Race,Ragged Mountain,Ski Slope,,,TRUE
boys-ice-hockey-junior-varsity,2024-01-08,4:00 PM,H,Game,Walpole High School,St. Sebastian's School,Henry T. Lane Rink,,,
boys-swim-and-dive-varsity,2024-01-08,7:00 PM,H,Meet,Boston College High School,Babson College,Morse Swimming Pool,T,90-90,
girls-basketball-middle-school,2024-01-09,3:30 PM,H,Game,Wellesley Middle School - Red,Pollard Middle School,Gym,,,
girls-basketball-freshman,2024-01-09,3:45 PM,H,Game,Walpole High School,Needham High School,A Gym,,,
boys-basketball-freshman,2024-01-09,3:45 PM,A,Game,Walpole High School,Walpole High School,Gym,,,
boys-ice-hockey-junior-varsity,2024-01-09,4:00 PM,H,Game,Brookline High School,St. Sebastian's School,Henry T. Lane Rink,,,
boys-basketball-middle-school,2024-01-09,4:30 PM,H,Game,Wellesley Middle School - Red,Pollard Middle School,Gym,,,
girls-basketball-junior-varsity,2024-01-09,5:15 PM,H,Game,Walpole High School,Needham High School,A Gym,,,
boys-basketball-junior-varsity,2024-01-09,5:30 PM,A,Game,Walpole High School,Walpole High School,Gym,,,
coed-gymnastics-varsity,2024-01-09,6:00 PM,H,Meet,Braintree High School,Needham High School,B Gym,,,
boys-basketball-varsity,2024-01-09,6:30 PM,A,Game,Walpole High School,Walpole High School,Gym,W,51-43,
girls-basketball-varsity,2024-01-09,6:30 PM,H,Game,Walpole High School,Needham High School,A Gym,,,
boys-swim-and-dive-varsity,2024-01-09,7:00 PM,H,Meet,Framingham High School,Babson College,Morse Swimming Pool,,,
coed-wrestling-varsity,2024-01-10,5:30 PM,A,Meet,Walpole High School,Walpole High School,Gym,,,
coed-alpine-ski-varsity,2024-01-10,6:30 PM,A,Race,Varsity Race,Blue Hill Ski Area,Ski Slope,,,
girls-ice-hockey-varsity,2024-01-10,6:45 PM,H,Game,Walpole High School,Babson College,Babson Skating Center,,,
boys-ice-hockey-varsity,2024-01-10,8:00 PM,A,Game,Walpole High School,Rodman Arena (Walpole),Rink,,,
girls-basketball-midde-school,2024-01-11,3:45 PM,A,Game,Wellesley Middle School,Wellesley Middle School,Gym,,,
boys-basketball-middle-school,2024-01-11,4:45 PM,A,Game,Wellesley Middle School,Wellesley Middle School,Gym,,,
boys-indoor-track-and-field-varsity,2024-01-11,4:30 PM,A,Meet,Weymouth High School,Reggie Lewis Center,Bob McIntyre Track,,,
girls-indoor-track-and-field-varsity,2024-01-11,4:30 PM,A,Meet,Weymouth High School,Reggie Lewis Center,Bob McIntyre Track,,,
boys-basketball-freshman,2024-01-11,5:00 PM,A,Game,North Andover High School,North Andover High School,Crozier Field House,,,
boys-basketball-junior-varsity,2024-01-11,5:00 PM,A,Game,North Andover High School,North Andover Middle School,Gym,,,
club-squash,2024-01-11,6:00 PM,H,Match,Concord-Carlisle High School,Cross Courts,Squash Courts,,,
boys-basketball-varsity,2024-01-11,6:30 PM,A,Game,North Andover High School,North Andover High School,Gym,,,
boys-swim-and-dive-varsity,2024-01-12,4:00 PM,A,Meet,Brookline High School,Kirrane Aquatics Center ,Swimming Pool,,,
coed-gymnastics-varsity,2024-01-12,4:30 PM,H,Meet,Wellesley High School,Needham High School,B Gym,,,
girls-ice-hockey-junior-varsity,2024-01-12,5:00 PM,H,Game,Framingham High School,Cleveland Circle,Reilly Rink,,,
coed-wrestling-varsity,2024-01-13,10:00 AM,A,Meet,Blackhawk Quad,Bellingham High School,Gym,,,
boys-ice-hockey-junior-varsity,2024-01-13,4:00 PM,H,Game,Lincoln-Sudbury Regional High School,Babson College,Skating Center,,,
girls-ice-hockey-varsity,2024-01-13,6:20 PM,A,Game,Newton North High School,John A. Ryan Skating Arena (Watertown),,,,
boys-ice-hockey-varsity,2024-01-13,7:40 PM,A,Game,Archbishop Williams High School,Canton Sportsplex,,,,
girls-ice-hockey-junior-varsity,2024-01-14,11:20 AM,A,Game,Winchester High School,Flynn Rink (Medford),,,,
girls-basketball-junior-varsity,2024-01-14,3:30 PM,H,Game,Newton South High School,Needham High School,A Gym,,,
girls-basketball-varsity,2024-01-14,5:00 PM,H,Game,Newton South High School,Needham High School,A Gym,,,
girls-ice-hockey-varsity,2024-01-15,1:00 PM,H,Game,Medway High School,St. Sebastian's School,Henry T. Lane Rink,,,
boys-ice-hockey-junior-varsity,2024-01-15,4:00 PM,H,Game,Braintree High School,St. Sebastian's School,Henry T. Lane Rink,,,
